{
  "backend": "paddleocr-vl-element",
  "backend_version": "0.9B-element",
  "is_mock": false,
  "sample_count": 45,
  "summary": {
    "sample_count": 45,
    "cer_mean": 0.03377675111114513,
    "cer_min": 0.0,
    "cer_max": 0.2909090909090909,
    "char_accuracy_mean": 0.9662232488888549,
    "exact_match_rate": 0.4444444444444444,
    "exact_line_match_rate": 0.4444444444444444,
    "missing_line_rate_mean": 0.2506878306878307,
    "extra_line_rate_mean": 0.22507936507936507,
    "indentation_exact_match_rate": 0.7555555555555555,
    "leading_whitespace_accuracy_mean": 0.8859259259259259,
    "punctuation_accuracy_mean": {
      "quotes": 0.9925925925925926,
      "brackets": 0.9905820105820106,
      "slash_backslash": 0.9955555555555555,
      "underscore_hyphen": 0.9861111111111112,
      "colon_semicolon": 1.0,
      "equals": 0.9777777777777777,
      "pipe": 1.0,
      "at": 0.9944444444444445,
      "hash": 1.0,
      "dollar": 1.0
    },
    "digit_accuracy_mean": 0.980952380952381,
    "critical_token_recall_mean": 0.9133333333333333,
    "visual_type_classification_accuracy": 0.3111111111111111,
    "language_detection_accuracy": 0.6666666666666666,
    "segmentation_f1_mean": 1.0,
    "line_number_removal_accuracy_mean": 1.0,
    "url_exact_match_rate": 1.0,
    "hash_exact_match_rate": null,
    "hallucination_rate_mean": 0.0016055718475073313
  },
  "by_visual_type": {
    "code": {
      "sample_count": 23,
      "cer_mean": 0.030937148316207076,
      "cer_min": 0.0,
      "cer_max": 0.2909090909090909,
      "char_accuracy_mean": 0.969062851683793,
      "exact_match_rate": 0.6086956521739131,
      "exact_line_match_rate": 0.6086956521739131,
      "missing_line_rate_mean": 0.1616977225672878,
      "extra_line_rate_mean": 0.1492753623188406,
      "indentation_exact_match_rate": 0.782608695652174,
      "leading_whitespace_accuracy_mean": 0.9043478260869565,
      "punctuation_accuracy_mean": {
        "quotes": 0.9855072463768116,
        "brackets": 0.9971014492753624,
        "slash_backslash": 0.991304347826087,
        "underscore_hyphen": 1.0,
        "colon_semicolon": 1.0,
        "equals": 1.0,
        "pipe": 1.0,
        "at": 1.0,
        "hash": 1.0,
        "dollar": 1.0
      },
      "digit_accuracy_mean": 0.9627329192546583,
      "critical_token_recall_mean": 0.9166666666666666,
      "visual_type_classification_accuracy": 0.0,
      "language_detection_accuracy": 0.5217391304347826,
      "segmentation_f1_mean": null,
      "line_number_removal_accuracy_mean": 1.0,
      "url_exact_match_rate": 1.0,
      "hash_exact_match_rate": null,
      "hallucination_rate_mean": 0.0010375494071146246
    },
    "terminal": {
      "sample_count": 3,
      "cer_mean": 0.0,
      "cer_min": 0.0,
      "cer_max": 0.0,
      "char_accuracy_mean": 1.0,
      "exact_match_rate": 1.0,
      "exact_line_match_rate": 1.0,
      "missing_line_rate_mean": 0.0,
      "extra_line_rate_mean": 0.0,
      "indentation_exact_match_rate": 1.0,
      "leading_whitespace_accuracy_mean": 1.0,
      "punctuation_accuracy_mean": {
        "quotes": 1.0,
        "brackets": 1.0,
        "slash_backslash": 1.0,
        "underscore_hyphen": 1.0,
        "colon_semicolon": 1.0,
        "equals": 1.0,
        "pipe": 1.0,
        "at": 1.0,
        "hash": 1.0,
        "dollar": 1.0
      },
      "digit_accuracy_mean": 1.0,
      "critical_token_recall_mean": 1.0,
      "visual_type_classification_accuracy": 1.0,
      "language_detection_accuracy": 1.0,
      "segmentation_f1_mean": 1.0,
      "line_number_removal_accuracy_mean": null,
      "url_exact_match_rate": 1.0,
      "hash_exact_match_rate": null,
      "hallucination_rate_mean": 0.0
    },
    "http": {
      "sample_count": 5,
      "cer_mean": 0.014464472322403412,
      "cer_min": 0.008064516129032258,
      "cer_max": 0.03669724770642202,
      "char_accuracy_mean": 0.9855355276775967,
      "exact_match_rate": 0.2,
      "exact_line_match_rate": 0.2,
      "missing_line_rate_mean": 0.2533333333333333,
      "extra_line_rate_mean": 0.13333333333333333,
      "indentation_exact_match_rate": 0.8,
      "leading_whitespace_accuracy_mean": 0.8666666666666666,
      "punctuation_accuracy_mean": {
        "quotes": 1.0,
        "brackets": 1.0,
        "slash_backslash": 1.0,
        "underscore_hyphen": 1.0,
        "colon_semicolon": 1.0,
        "equals": 1.0,
        "pipe": 1.0,
        "at": 1.0,
        "hash": 1.0,
        "dollar": 1.0
      },
      "digit_accuracy_mean": 1.0,
      "critical_token_recall_mean": 1.0,
      "visual_type_classification_accuracy": 0.6,
      "language_detection_accuracy": 0.8,
      "segmentation_f1_mean": null,
      "line_number_removal_accuracy_mean": null,
      "url_exact_match_rate": 1.0,
      "hash_exact_match_rate": null,
      "hallucination_rate_mean": 0.0
    },
    "diff": {
      "sample_count": 3,
      "cer_mean": 0.1335698837523655,
      "cer_min": 0.014598540145985401,
      "cer_max": 0.19444444444444445,
      "char_accuracy_mean": 0.8664301162476346,
      "exact_match_rate": 0.0,
      "exact_line_match_rate": 0.0,
      "missing_line_rate_mean": 0.5333333333333333,
      "extra_line_rate_mean": 0.5555555555555555,
      "indentation_exact_match_rate": 0.6666666666666666,
      "leading_whitespace_accuracy_mean": 0.8095238095238094,
      "punctuation_accuracy_mean": {
        "quotes": 1.0,
        "brackets": 0.8809523809523809,
        "slash_backslash": 1.0,
        "underscore_hyphen": 0.9027777777777778,
        "colon_semicolon": 1.0,
        "equals": 0.6666666666666666,
        "pipe": 1.0,
        "at": 0.9166666666666666,
        "hash": 1.0,
        "dollar": 1.0
      },
      "digit_accuracy_mean": 1.0,
      "critical_token_recall_mean": 0.5333333333333333,
      "visual_type_classification_accuracy": 0.6666666666666666,
      "language_detection_accuracy": 1.0,
      "segmentation_f1_mean": null,
      "line_number_removal_accuracy_mean": null,
      "url_exact_match_rate": null,
      "hash_exact_match_rate": null,
      "hallucination_rate_mean": 0.016129032258064516
    },
    "configuration": {
      "sample_count": 6,
      "cer_mean": 0.032813030714080184,
      "cer_min": 0.0,
      "cer_max": 0.09523809523809523,
      "char_accuracy_mean": 0.9671869692859199,
      "exact_match_rate": 0.3333333333333333,
      "exact_line_match_rate": 0.3333333333333333,
      "missing_line_rate_mean": 0.22698412698412698,
      "extra_line_rate_mean": 0.1714285714285714,
      "indentation_exact_match_rate": 0.6666666666666666,
      "leading_whitespace_accuracy_mean": 0.8285714285714286,
      "punctuation_accuracy_mean": {
        "quotes": 1.0,
        "brackets": 1.0,
        "slash_backslash": 1.0,
        "underscore_hyphen": 1.0,
        "colon_semicolon": 1.0,
        "equals": 1.0,
        "pipe": 1.0,
        "at": 1.0,
        "hash": 1.0,
        "dollar": 1.0
      },
      "digit_accuracy_mean": 1.0,
      "critical_token_recall_mean": 0.9444444444444445,
      "visual_type_classification_accuracy": 0.8333333333333334,
      "language_detection_accuracy": 0.8333333333333334,
      "segmentation_f1_mean": null,
      "line_number_removal_accuracy_mean": null,
      "url_exact_match_rate": null,
      "hash_exact_match_rate": null,
      "hallucination_rate_mean": 0.0
    },
    "log": {
      "sample_count": 3,
      "cer_mean": 0.025223858136576637,
      "cer_min": 0.013245033112582781,
      "cer_max": 0.04712041884816754,
      "char_accuracy_mean": 0.9747761418634234,
      "exact_match_rate": 0.0,
      "exact_line_match_rate": 0.0,
      "missing_line_rate_mean": 0.8888888888888888,
      "extra_line_rate_mean": 0.8888888888888888,
      "indentation_exact_match_rate": 1.0,
      "leading_whitespace_accuracy_mean": 1.0,
      "punctuation_accuracy_mean": {
        "quotes": 1.0,
        "brackets": 1.0,
        "slash_backslash": 1.0,
        "underscore_hyphen": 0.888888888888889,