{
  "code": {
    "sample_count": 23,
    "cer_mean": 0.19326414372180264,
    "cer_min": 0.03355704697986577,
    "cer_max": 0.46956521739130436,
    "char_accuracy_mean": 0.8067358562781974,
    "exact_match_rate": 0.0,
    "exact_line_match_rate": 0.0,
    "missing_line_rate_mean": 0.7988612836438923,
    "extra_line_rate_mean": 0.8356280193236715,
    "indentation_exact_match_rate": 0.5217391304347826,
    "leading_whitespace_accuracy_mean": 0.732608695652174,
    "punctuation_accuracy_mean": {
      "quotes": 0.8568840579710144,
      "brackets": 0.9398991550021298,
      "slash_backslash": 1.0,
      "underscore_hyphen": 0.9402173913043478,
      "colon_semicolon": 0.9746376811594203,
      "equals": 0.9782608695652174,
      "pipe": 1.0,
      "at": 1.0,
      "hash": 1.0,
      "dollar": 1.0
    },
    "digit_accuracy_mean": 0.9478260869565218,
    "critical_token_recall_mean": 0.8753623188405797,
    "visual_type_classification_accuracy": 0.0,
    "language_detection_accuracy": 0.2608695652173913,
    "segmentation_f1_mean": null,
    "line_number_removal_accuracy_mean": 1.0,
    "url_exact_match_rate": 1.0,
    "hash_exact_match_rate": null,
    "hallucination_rate_mean": 0.00956032197517857
  },
  "terminal": {
    "sample_count": 3,
    "cer_mean": 0.2318218200143911,
    "cer_min": 0.11392405063291139,
    "cer_max": 0.37662337662337664,
    "char_accuracy_mean": 0.7681781799856089,
    "exact_match_rate": 0.0,
    "exact_line_match_rate": 0.0,
    "missing_line_rate_mean": 0.7777777777777778,
    "extra_line_rate_mean": 0.8111111111111112,
    "indentation_exact_match_rate": 1.0,
    "leading_whitespace_accuracy_mean": 1.0,
    "punctuation_accuracy_mean": {
      "quotes": 1.0,
      "brackets": 1.0,
      "slash_backslash": 0.8333333333333334,
      "underscore_hyphen": 0.75,
      "colon_semicolon": 1.0,
      "equals": 1.0,
      "pipe": 1.0,
      "at": 1.0,
      "hash": 1.0,
      "dollar": 0.8333333333333334
    },
    "digit_accuracy_mean": 1.0,
    "critical_token_recall_mean": 0.9166666666666666,
    "visual_type_classification_accuracy": 0.0,
    "language_detection_accuracy": 1.0,
    "segmentation_f1_mean": 0.20370370370370372,
    "line_number_removal_accuracy_mean": null,
    "url_exact_match_rate": 1.0,
    "hash_exact_match_rate": null,
    "hallucination_rate_mean": 0.0
  },
  "http": {
    "sample_count": 5,
    "cer_mean": 0.08175710561911975,
    "cer_min": 0.0423728813559322,
    "cer_max": 0.14678899082568808,
    "char_accuracy_mean": 0.9182428943808801,
    "exact_match_rate": 0.0,
    "exact_line_match_rate": 0.0,
    "missing_line_rate_mean": 0.96,
    "extra_line_rate_mean": 0.95,
    "indentation_exact_match_rate": 0.8,
    "leading_whitespace_accuracy_mean": 0.8666666666666666,
    "punctuation_accuracy_mean": {
      "quotes": 0.975,
      "brackets": 1.0,
      "slash_backslash": 0.9666666666666666,
      "underscore_hyphen": 1.0,
      "colon_semicolon": 1.0,
      "equals": 1.0,
      "pipe": 1.0,
      "at": 1.0,
      "hash": 1.0,
      "dollar": 1.0
    },
    "digit_accuracy_mean": 0.9777777777777779,
    "critical_token_recall_mean": 0.96,
    "visual_type_classification_accuracy": 0.0,
    "language_detection_accuracy": 0.8,
    "segmentation_f1_mean": null,
    "line_number_removal_accuracy_mean": null,
    "url_exact_match_rate": 1.0,
    "hash_exact_match_rate": null,
    "hallucination_rate_mean": 0.0
  },
  "diff": {
    "sample_count": 3,
    "cer_mean": 0.17502027575020276,
    "cer_min": 0.058394160583941604,
    "cer_max": 0.2916666666666667,
    "char_accuracy_mean": 0.8249797242497973,
    "exact_match_rate": 0.0,
    "exact_line_match_rate": 0.0,
    "missing_line_rate_mean": 0.6761904761904761,
    "extra_line_rate_mean": 0.6534391534391534,
    "indentation_exact_match_rate": 0.6666666666666666,
    "leading_whitespace_accuracy_mean": 0.9047619047619048,
    "punctuation_accuracy_mean": {
      "quotes": 1.0,
      "brackets": 0.9583333333333334,
      "slash_backslash": 1.0,
      "underscore_hyphen": 0.5904761904761905,
      "colon_semicolon": 1.0,
      "equals": 0.6666666666666666,
      "pipe": 1.0,
      "at": 1.0,
      "hash": 1.0,
      "dollar": 1.0
    },
    "digit_accuracy_mean": 1.0,
    "critical_token_recall_mean": 0.5333333333333333,
    "visual_type_classification_accuracy": 0.6666666666666666,
    "language_detection_accuracy": 1.0,
    "segmentation_f1_mean": null,
    "line_number_removal_accuracy_mean": null,
    "url_exact_match_rate": null,
    "hash_exact_match_rate": null,
    "hallucination_rate_mean": 0.0
  },
  "configuration": {
    "sample_count": 6,
    "cer_mean": 0.1157355318561301,
    "cer_min": 0.024390243902439025,
    "cer_max": 0.19230769230769232,
    "char_accuracy_mean": 0.8842644681438698,
    "exact_match_rate": 0.0,
    "exact_line_match_rate": 0.0,
    "missing_line_rate_mean": 0.6079365079365079,
    "extra_line_rate_mean": 0.5912698412698413,
    "indentation_exact_match_rate": 0.5,
    "leading_whitespace_accuracy_mean": 0.6476190476190476,
    "punctuation_accuracy_mean": {
      "quotes": 0.9888888888888889,
      "brackets": 0.9583333333333334,
      "slash_backslash": 1.0,
      "underscore_hyphen": 1.0,
      "colon_semicolon": 1.0,
      "equals": 1.0,
      "pipe": 1.0,
      "at": 1.0,
      "hash": 1.0,
      "dollar": 1.0
    },
    "digit_accuracy_mean": 0.9848484848484849,
    "critical_token_recall_mean": 0.9666666666666667,
    "visual_type_classification_accuracy": 0.6666666666666666,
    "language_detection_accuracy": 0.8333333333333334,
    "segmentation_f1_mean": null,
    "line_number_removal_accuracy_mean": null,
    "url_exact_match_rate": null,
    "hash_exact_match_rate": null,
    "hallucination_rate_mean": 0.005573981942141146
  },
  "log": {
    "sample_count": 3,
    "cer_mean": 0.13827873301118235,
    "cer_min": 0.09933774834437085,
    "cer_max": 0.16753926701570682,
    "char_accuracy_mean": 0.8617212669888176,
    "exact_match_rate": 0.0,
    "exact_line_match_rate": 0.0,
    "missing_line_rate_mean": 1.0,
    "extra_line_rate_mean": 1.0,
    "indentation_exact_match_rate": 1.0,
    "leading_whitespace_accuracy_mean": 1.0,
    "punctuation_accuracy_mean": {
      "quotes": 1.0,
      "brackets": 0.8273809523809524,
      "slash_backslash": 1.0,
      "underscore_hyphen": 0.6666666666666666,
      "colon_semicolon": 1.0,
      "equals": 1.0,
      "pipe": 1.0,
      "at": 1.0,
      "hash": 1.0,
      "dollar": 1.0
    },
    "digit_accuracy_mean": 0.9776407950850142,
    "critical_token_recall_mean": 0.8333333333333334,
    "visual_type_classification_accuracy": 0.3333333333333333,
    "language_detection_accuracy": 1.0,
    "segmentation_f1_mean": null,
    "line_number_removal_accuracy_mean": null,
    "url_exact_match_rate": null,
    "hash_exact_match_rate": null,
    "hallucination_rate_mean": 0.005494505494505495
  },
  "traceback": {
    "sample_count": 2,
    "cer_mean": 0.13784584980237152,
    "cer_min": 0.09090909090909091,
    "cer_max": 0.18478260869565216,
    "char_accuracy_mean": 0.8621541501976284,
    "exact_match_rate": 0.0,
    "exact_line_match_rate": 0.0,
    "missing_line_rate_mean": 0.875,
    "extra_line_rate_mean": 0.9285714285714286,
    "indentation_exact_match_rate": 0.0,
    "leading_whitespace_accuracy_mean": 0.41666666666666663,
    "punctuation_accuracy_mean": {
      "quotes": 0.9166666666666667,
      "brackets": 0.9166666666666667,
      "slash_backslash": 1.0,
      "underscore_hyphen": 1.0,
      "colon_semicolon": 1.0,
      "equals": 1.0,
      "pipe": 1.0,
      "at": 1.0,
      "hash": 1.0,
      "dollar": 1.0
    },
    "digit_accuracy_mean": 1.0,
    "critical_token_recall_mean": 1.0,
    "visual_type_classification_accuracy": 0.0,
    "language_detection_accuracy": 0.0,
    "segmentation_f1_mean": null,
    "line_number_removal_accuracy_mean": null,
    "url_exact_match_rate": null,
    "hash_exact_match_rate": null,